Name,links
Pythonidae,https://en.wikipedia.org/wiki/Pythonidae
Python (genus),https://en.wikipedia.org/wiki/Python_(genus)
Python (mythology),https://en.wikipedia.org/wiki/Python_(mythology)
Python (genus),https://en.wikipedia.org/wiki/Python_(genus)
Python (programming language),https://en.wikipedia.org/wiki/Python_(programming_language)
CMU Common Lisp,https://en.wikipedia.org/wiki/CMU_Common_Lisp
PERQ 3,https://en.wikipedia.org/wiki/PERQ#PERQ_3
Python of Aenus,https://en.wikipedia.org/wiki/Python_of_Aenus
Python (painter),https://en.wikipedia.org/wiki/Python_(painter)
Python of Byzantium,https://en.wikipedia.org/wiki/Python_of_Byzantium
Python of Catana,https://en.wikipedia.org/wiki/Python_of_Catana
Python Anghelo,https://en.wikipedia.org/wiki/Python_Anghelo
Python (Efteling),https://en.wikipedia.org/wiki/Python_(Efteling)
Python (Busch Gardens Tampa Bay),https://en.wikipedia.org/wiki/Python_(Busch_Gardens_Tampa_Bay)
"Python (Coney Island, Cincinnati, Ohio)","https://en.wikipedia.org/wiki/Python_(Coney_Island,_Cincinnati,_Ohio)"
Python (automobile maker),https://en.wikipedia.org/wiki/Python_(automobile_maker)
Python (Ford prototype),https://en.wikipedia.org/wiki/Python_(Ford_prototype)
Python (missile),https://en.wikipedia.org/wiki/Python_(missile)
Python (nuclear primary),https://en.wikipedia.org/wiki/Python_(nuclear_primary)
Colt Python,https://en.wikipedia.org/wiki/Colt_Python
Python (codename),https://en.wikipedia.org/wiki/Python_(codename)
Python (film),https://en.wikipedia.org/wiki/Python_(film)
Monty Python,https://en.wikipedia.org/wiki/Monty_Python
Python (Monty) Pictures,https://en.wikipedia.org/wiki/Python_(Monty)_Pictures
Timon of Phlius,https://en.wikipedia.org/wiki/Timon_of_Phlius
Python (Monty) Pictures,https://en.wikipedia.org/wiki/Python_(Monty)_Pictures
Pithon,https://en.wikipedia.org/wiki/Pithon
Pyton,https://en.wikipedia.org/wiki/Pyton
Pyton,https://en.wikipedia.org/wiki/Pyton09876543

