Name,Address,Links,Extracted_From
Guangzhou Computer Photocopier Printer Repair Duba,"Address: Office No. 301, 3rd Floor, Janayen Holding Limited, Al Qouz 3rd , Dubai, UAE",https://www.yello.ae/company/350673/guangzhou-computer-photocopier-printer-repair-duba,https://www.yello.ae/category/computer-services
Shahriari Computer Trading Co LLC,"Address: Box No. 4070, Dubai, UAE",https://www.yello.ae/company/67743/shahriari-computer-trading-co-llc,https://www.yello.ae/category/computer-services
Al Tasami Computer & Elect Devices Maint,"Address: PO Box No 19693, Butina Street Opposite Zulekha Hospital, Sharjah United Arab Emirates, UAE",https://www.yello.ae/company/189065/al-tasami-computerelect-devices-maint,https://www.yello.ae/category/computer-services
Alayoubi Technologies | Smart Home Automation,"Address: M Hotel Downtown by Millennium Dubai Office #405, UAE",https://www.yello.ae/company/350543/alayoubi-technologies-llc,https://www.yello.ae/category/computer-services
NIP Trading LLC,"Address: Block Al Raffa, Bur Dubai , Near Hyde Park Hotel ,Dubai , UAE",https://www.yello.ae/company/49242/n-i-p-trading-llc,https://www.yello.ae/category/computer-services
Al-shakhsiah Computer Devices Tr.,"Address: AL-BU TINA, Sharjah, UAE",https://www.yello.ae/company/346091/al-shakhsiah-computer-devices-tr,https://www.yello.ae/category/computer-services
CCTV Cameras Installation,"Address: Office No.3 Building No.1308 Behind Wesgreen School,Muwaileh Commercial, Sharjah, UAE",https://www.yello.ae/company/354599/al-saqer-warningcontrol-devices-tr-llc,https://www.yello.ae/category/computer-services
Sunrise Computer & Network LLC ,"Address: Near Emirates Future School , Shayabiya ME-10, Mussafah., Abu Dhabi, UAE",https://www.yello.ae/company/348858/sunrise-computernetwork-llc,https://www.yello.ae/category/computer-services
Best Net International Trading LLC,"Address: 21 Al Nahdha St - Al Fahidi, Dubai, UAE",https://www.yello.ae/company/94639/best-net-international-trading-llc,https://www.yello.ae/category/computer-services
Elecsys Integration LLC,"Address: P.O. Box: 98981, Dubai, UAE",https://www.yello.ae/company/300999/elecsys-integration-llc,https://www.yello.ae/category/computer-services
Impulse Technologies LLC,"Address: international city, china cluster, E-02 Dubai-UAE",https://www.yello.ae/company/355016/impulse-technologies-llc,https://www.yello.ae/category/computer-services
GloTech System L.L.C,"Address: P.O.Box:- 241529, Dubai, United Arab Emirates, UAE",https://www.yello.ae/company/344830/glotech-system-llc,https://www.yello.ae/category/computer-services
Logical Network Solutions,"Address: Office 1903 Tamani Arts Offices Business, Dubai, UAE",https://www.yello.ae/company/345135/logical-network-solutions,https://www.yello.ae/category/computer-services
Delicate Software Solutions,"Address: Dubai, UAE",https://www.yello.ae/company/317492/delicate-software-solutions,https://www.yello.ae/category/computer-services
iPad Rental Dubai - Techno Edge Systems L.L.C,"Address: Office No 5, 3rd Floor, Suk Al Kabeer Building Computer Street,Al Raffa Police Station Road., Dubai, UAE",https://www.yello.ae/company/351647/ipad-rental-dubai-techno-edge-systems-llc,https://www.yello.ae/category/computer-services
"Trionix - Development, Design, Digital Marketing","Address: Hamdan Street, Abu Dhabi, UAE",https://www.yello.ae/company/353925/trionix-development-design-digital-marketing,https://www.yello.ae/category/computer-services
UAE Technician,"Address: Irvine General Trading LLC., 109, Mezzanine floor, Al Khaleej Center, PO Box 128887 Dubai (UAE)",https://www.yello.ae/company/352148/uae-technician,https://www.yello.ae/category/computer-services
Interlink Technology LLC,"Address: Hamdan Street Behind Emirates Market, Abu Dhabi, UAE",https://www.yello.ae/company/347822/interlink-technology-llc,https://www.yello.ae/category/computer-services
Shibaam Computers LLC,"Address: Sm4, Mezzanine Floor, Deira Towers, Opp. Baniyas Metro Station. , Dubai, UAE",https://www.yello.ae/company/347399/shibaam-computers-llc,https://www.yello.ae/category/computer-services
Appleforce,"Address: ComNet International L.L.C Shop 13 & 14 Bayat Center Buil Bur Dubai, Dubai United Arab Emirates (00971) 4 3938050 P.O.BOX: 49781 support@appleforce.ae, UAE",https://www.yello.ae/company/357906/appleforce,https://www.yello.ae/category/computer-services
Mobisat IT Solution,"Address: 104, Al Makhawi Building Oud Metha, Dubai, UAE",https://www.yello.ae/company/344163/mobisat-it-solution,https://www.yello.ae/category/computer-services
Emirates Portal IT solutions,"Address: ME10 - 66th Street - Building No 2 - Office No M3, Abu Dhabi, UAE",https://www.yello.ae/company/347867/emirates-portal-it-solutions,https://www.yello.ae/category/computer-services
LANDEX TECHNOLOGIES LLC,"Address: Box No. 16110, Dubai, UAE",https://www.yello.ae/company/89840/landex-technologies-llc,https://www.yello.ae/category/computer-services
SanPaul I.T I.S L L C,"Address: Warehouse # 31A Al Qouz 2, Dubai, Near Jotun Paint Factory., UAE",https://www.yello.ae/company/347184/sanpaul-it-is-l-l-c,https://www.yello.ae/category/computer-services
Aladdin City Dubai,"Address: Dubai, UAE",https://www.yello.ae/company/349607/aladdin-city-dubai,https://www.yello.ae/category/computer-services
Al Furqan Computers,"Address: P.O Box: 63936, Deira, Dubai, UAE",https://www.yello.ae/company/94502/al-furqan-computers,https://www.yello.ae/category/computer-services
TouchActiv Glass Works LLC,"Address: Rasal Khor Industrial Area 1, Dubai, UAE",https://www.yello.ae/company/349451/touchactiv-glass-works-llc,https://www.yello.ae/category/computer-services
Future Art Broadcast Trading LLC,"Address: Box No. 98722, Dubai, UAE",https://www.yello.ae/company/47315/future-art-broadcast-trading-llc,https://www.yello.ae/category/computer-services
UBER FZCO,"Address: FZS1AL02 JEBEL ALI FREEZONE, Jebel Ali Free Zone (JAFZ), UAE",https://www.yello.ae/company/106836/uber-fze,https://www.yello.ae/category/computer-services/2
Al Ahlam Trading,"Address: ather@alahlamtrading.com, Ajman, UAE",https://www.yello.ae/company/350596/al-ahlam-it-security-solution,https://www.yello.ae/category/computer-services/2
Chipin Corporation,"Address: M2, Park View Building, Al Majaz 2, Sharjah, UAE",https://www.yello.ae/company/348264/chipin-corporation,https://www.yello.ae/category/computer-services/2
Dora Information Technology LLC,"Address: M01,Khalid bin waleed road, Behind new york international hotel, Dubai, UAE",https://www.yello.ae/company/360819/dora-information-technology-llc,https://www.yello.ae/category/computer-services/2
Laptech Computer Sales & Services,"Address: P.O. Box 1809, Dubai, UAE",https://www.yello.ae/company/347273/laptech-computer-salesservices,https://www.yello.ae/category/computer-services/2
Macob IT Solutions LLC,"Address: BMI Building ,Bank Street Burdubai, UAE",https://www.yello.ae/company/349059/macob-it-solutions,https://www.yello.ae/category/computer-services/2
Raptor Computers LLC,"Address: Clover Bay Tower - # 1307 - Business Bay, Dubai, UAE",https://www.yello.ae/company/49422/raptor-computers-llc,https://www.yello.ae/category/computer-services/2
TechSutra LLC,"Address: Level 14, Boulevard Plaza Tower 1, Sheikh Mohammed Bin Rashid Boulevard Downtown Dubai, Dubai , United Arab Emirates, UAE",https://www.yello.ae/company/354520/techsutra-llc,https://www.yello.ae/category/computer-services/2
AL SHAFAF Office Equipment Trading,"Address: AL BARSHA, Dubai, UAE",https://www.yello.ae/company/350286/al-shafaf,https://www.yello.ae/category/computer-services/2
ARK TECHNOLOGIES LLC,"Address: Key Business Group Building, Near Hyundai Showroom, Al Khabaisi, P.o.Box: 380129, Dubai - U.A.E., UAE",https://www.yello.ae/company/350276/arktechnologies-llc,https://www.yello.ae/category/computer-services/2
Burhani - Managed IT Services,"Address: Suite # 412, Al Nasser Plaza, Next to Oud Metha Metro Station, Dubai, UAE",https://www.yello.ae/company/348179/burhani-managed-it-services,https://www.yello.ae/category/computer-services/2
Danat Computers LLC,"Address: Bur Dubai, UAE",https://www.yello.ae/company/327434/danat-computers-llc,https://www.yello.ae/category/computer-services/2
Dar Samra Computers LLC,"Address: P.O. Box : 31449 , Al Majaz -1, King Faisal Road, Behind Adnoc Petrol Station, Sharjah U.A.E., UAE",https://www.yello.ae/company/347702/dar-samra-computers-llc,https://www.yello.ae/category/computer-services/2
Digi Matrix Technologies LLC,"Address: Karama Area, 19th Street, Zommorodah, Dubai, UAE",https://www.yello.ae/company/61030/digi-matrix-technologies-llc,https://www.yello.ae/category/computer-services/2
Green Computers,"Address: Behind Central Post Office, Abu Dhabi, UAE",https://www.yello.ae/company/356319/green-computers,https://www.yello.ae/category/computer-services/2
Laptop Rental UAE,"Address: Office No 6,3rd Floor, Suk Al Kabeer Building Computer Street, Al Raffa Police Station Road.Opp. Arab Udupi Hotel, Bur Dubai, Dubai, U.A.E., UAE",https://www.yello.ae/company/351687/laptops-for-rental-uae-technology-it-equipment-on-rent-in-dubai,https://www.yello.ae/category/computer-services/2
Missan IT Solutions,"Address: Office 1503 Bel Rasheed Tower, Majaz 1 , Sharjah, UAE",https://www.yello.ae/company/358983/missan-it-solutions,https://www.yello.ae/category/computer-services/2
New Computer Technology Solution LLC,"Address: 21 Standard Chartered Bank Building , Bank Street , Al Rolla, Sharjah, UAE",https://www.yello.ae/company/347941/new-computer-technology-solution-llc,https://www.yello.ae/category/computer-services/2
Techno Edge Systems,"Address: Talib,Bur Dubai, Dubai, U.A.E. P.O.Box- Dubai-116216, UAE",https://www.yello.ae/company/362519/techno-edge-systems,https://www.yello.ae/category/computer-services/2
Techno Edge Systems,"Address: 6Talib, Moosa, MAHD & Khalid BLDG. 312/32 Street DM.18 SHOP 9. Bur Dubai, Dubai, U.A.E, UAE",https://www.yello.ae/company/363097/techno-edge-systems,https://www.yello.ae/category/computer-services/2
VRS Technologies,"Address: Office No 5, 3rd Floor, Suk Al Kabir Building, Al Raffa Police Station Road, Bur-Dubai, UAE",https://www.yello.ae/company/356681/vrs-tech-dxb,https://www.yello.ae/category/computer-services/2
Duleaf,"Address: Silver Tower Business Bay, Burj Khalifa area, Dubai Office 1801, UAE",https://www.yello.ae/company/343726/duleaf,https://www.yello.ae/category/computer-services/2
Eclipse IT Installation and Services,"Address: Near Nakheel Centre, Deira, Dubai, UAE",https://www.yello.ae/company/343691/ngs-technology-llc,https://www.yello.ae/category/computer-services/2
Gear-up.me,"Address: Dubai, UAE",https://www.yello.ae/company/348681/gear-upme,https://www.yello.ae/category/computer-services/2
Intelligent Business Technologies,"Address: 2102, Al Shafar Tower - 1, Tecom, Dubai, UAE",https://www.yello.ae/company/361707/intelligent-business-technologies,https://www.yello.ae/category/computer-services/2
ITIOLOGY Information Technology LLC,"Address: Suite 2003, Ontario Tower, Business Bay,DUbai,UAE",https://www.yello.ae/company/351042/itiology-information-technology-llc,https://www.yello.ae/category/computer-services/2
Tabeer Tourism LLC,"Address: Office 1802, Al Musallah Tower Near Al Fahidi Metro Station (Exit 4), Bur Dubai, UAE",https://www.yello.ae/company/358347/tabeer-tourism-llc,https://www.yello.ae/category/computer-services/2
AL SAQER CCTV & COMPUTERS,"Address: Muwaileh, Sharjah, UAE",https://www.yello.ae/company/364007/al-saqer-cctvcomputers,https://www.yello.ae/category/computer-services/2
AL SAQR AL THAHABI COMPUTER,"Address: Building 1308 , Muwaleh Commercial , Sharjah, UAE",https://www.yello.ae/company/358739/al-saqr-al-thahabi-computer,https://www.yello.ae/category/computer-services/2
GLOBAL SURF IT INFRASTRUCTURE,"Address: #202, Makateb Building Port Saeed, Dubai, UAE",https://www.yello.ae/company/356652/global-surf-it-infrastructure,https://www.yello.ae/category/computer-services/3
Just Repair,"Address: Office 401F, 4th Floor, Aspin Tower Near Financial Center Metro Station Sheikh Zayed Road, Dubai, UAE.",https://www.yello.ae/company/364194/just-repair,https://www.yello.ae/category/computer-services/3
Laptop Rental Dubai,"Address: Bur Dubai, Dubai, UAE",https://www.yello.ae/company/354741/laptop-rental-dubai,https://www.yello.ae/category/computer-services/3
Malitech,"Address: 909, Liwa Street, Al Awaidha Building, Abu Dhabi, UAE",https://www.yello.ae/company/346730/malitech,https://www.yello.ae/category/computer-services/3
Real Techno-Functional Solutions,"Address: Deira, Dubai-UAE",https://www.yello.ae/company/344557/real-techno-functional-solutions,https://www.yello.ae/category/computer-services/3
BlackHorse IT FZE,"Address: Level 14, Boulevard Plaza Tower 1 Emaar Boulevard, Downtown Dubai, UAE",https://www.yello.ae/company/346121/blackhorse-it-fze,https://www.yello.ae/category/computer-services/3
IT-Serve Com,"Address: Sultan Business Center. P.O Box 72130, Dubai, UAE",https://www.yello.ae/company/281082/it-serve-com,https://www.yello.ae/category/computer-services/3
Nicatech,"Address: Near National Paint. Ramez Hypermarkete, Sharjah, UAE",https://www.yello.ae/company/357171/nicatech,https://www.yello.ae/category/computer-services/3
Orion Systems JLT,"Address: Suite 2703, Fortune Tower, Jumeirah Lakes Towers, PO Box 215297, Dubai, UAE",https://www.yello.ae/company/346763/orion-systems-jlt,https://www.yello.ae/category/computer-services/3
PCNET MICRO SYSTEMS,"Address: P.O. Box: 126301, Dubai, UAE",https://www.yello.ae/company/300955/pcnet-micro-systems,https://www.yello.ae/category/computer-services/3
QuickFix Dubai,"Address: 302 Al Marri Bldg, Al Murar, Dubai, UAE",https://www.yello.ae/company/347942/quickfix-dubai,https://www.yello.ae/category/computer-services/3
WhitehatsMe Managed IT Services and Solutions Provider Company in Dubai,"Address: PO Box 38149, Al Quoz 3 Dubai, United Arab Emirates, UAE",https://www.yello.ae/company/352104/whitehats,https://www.yello.ae/category/computer-services/3
ANSARI SECURITY SYSTEM LLC,"Address: Box No. 82232, Dubai, UAE",https://www.yello.ae/company/67275/ansari-security-system-llc,https://www.yello.ae/category/computer-services/3
Apple Mac Repair,"Address: Shop no 3, Khalid bin Waleed Road Bur Dubai, UAE",https://www.yello.ae/company/347348/apple-mac-repair,https://www.yello.ae/category/computer-services/3
Hyperactive Technologies L.L.C,"Address: Office #203, Al Tayer Building, Burdubai, Al Mina Road, Dubai, UAE",https://www.yello.ae/company/357337/hyperactive-technologies-llc,https://www.yello.ae/category/computer-services/3
INTERSTAR ELECTRONICS (L.L.C),"Address: P.O Box 94402, Dubai, UAE",https://www.yello.ae/company/288552/interstar-electronics-llc,https://www.yello.ae/category/computer-services/3
IT Support Dubai,"Address: Business Bay, Prime Tower, 92137, Dubai, UAE",https://www.yello.ae/company/357852/it-support-dubai,https://www.yello.ae/category/computer-services/3
Maqsood and Abdul Hafeez Computer Trading LLC,"Address: Before Karachi Darbar Shop # 09 Address: 286 D90 - Al Bada'a - Dubai, UAE",https://www.yello.ae/company/327383/maqsood-and-abdul-hafeez-computer-trading-llc,https://www.yello.ae/category/computer-services/3
Multinet IT Solutions,"Address: Sheikh Zayed Bin Sultan Street - Office 404, 4th Floor, Al Zubara Tower , Abu Dhabi, UAE",https://www.yello.ae/company/299743/multinet-it-solutions,https://www.yello.ae/category/computer-services/3
Scriptosys Technologies LLC,"Address: ACICO Business Park - Port Saeed Deira, Dubai, UAE",https://www.yello.ae/company/348602/scriptosys-technologies-llc,https://www.yello.ae/category/computer-services/3
Ultra Technology LLC,"Address: P.O.Box : 31925 , Warehouse # 02, Alquoz Ind. Area 3, 23rd Street, Opp to UPC, Sh.Zayed Road, Dubai, UAE",https://www.yello.ae/company/49716/ultra-technology-llc,https://www.yello.ae/category/computer-services/3
Diligent Computer Systems LLC,"Address: Al Waleed Building, Level 4 # 405 , Al Rolla Street, Burdubai, UAE",https://www.yello.ae/company/348616/diligent-computer-systems-llc,https://www.yello.ae/category/computer-services/3
3Fold Education Centre-CCPStudy,"Address: 104, Al Safa F, Zabeel Road, Dubai, UAE",https://www.yello.ae/company/348467/3fold-education-centre-ccpstudy,https://www.yello.ae/category/computer-services/3
life icon,"Address: international city, Dubai, UAE",https://www.yello.ae/company/345666/life-icon,https://www.yello.ae/category/computer-services/3
NEW SMART OFFICE AUTOMATION L.L.C,"Address: Post Box - 28674, Dubai, UAE",https://www.yello.ae/company/296107/new-smart-office-automation-llc,https://www.yello.ae/category/computer-services/3
Peniel Technology LLC,"Address: Peniel Technology LLC,Deira,Dubai, UAE",https://www.yello.ae/company/344646/peniel-technology-llcgy-llc,https://www.yello.ae/category/computer-services/3
Strategic Data Communications LLC,"Address: Al Qusais, Dubai, UAE",https://www.yello.ae/company/347938/strategic-data-communications-llc,https://www.yello.ae/category/computer-services/3
Sultan Typing Office,"Address: Hili Sanaiya, Al Ain, UAE",https://www.yello.ae/company/359608/sultan-typing-office,https://www.yello.ae/category/computer-services/3
Tech Force Technical Services LLC,"Address: Office 501, Exchange Tower Business Bay, Dubai, UAE",https://www.yello.ae/company/366008/tech-force-technical-services-llc,https://www.yello.ae/category/computer-services/3
VRS Technologies,"Address: Office No.5, 3rd Floor,, Suk Al Kabir Building, Dubai, UAE",https://www.yello.ae/company/354931/vrs-technologies,https://www.yello.ae/category/computer-services/4
Atop Computer Solution LLC,"Address: Office # 607, BMI Building, Bank Street Bur Dubai â Dubai. PO BOX : 113185., UAE",https://www.yello.ae/company/364396/atop-computer-solution-llc,https://www.yello.ae/category/computer-services/4
Bricks Technologies Systems L.l.c.,"Address: 5102, 51st floor, Addax tower, Next to Sun Tower Al Reem Island 48551, Abu Dhabi, UAE",https://www.yello.ae/company/355195/Bricks_Technologies_Systems_L.L.C.,https://www.yello.ae/category/computer-services/4
" Burhani - Managed IT Support Services across Dubai Abu Dhabi, UAE","Address: Suite # 25, Raudat Al Karama Buiilding. Opposite Burjuman Business Center. Bur Dubai, UAE",https://www.yello.ae/company/344446/burhani-managed-it-support-services-across-dubai-abu-dhabi-uae,https://www.yello.ae/category/computer-services/4
Digital Devices Group,"Address: Building No. C55 MEZ : 3 - floor M ME: 10 , 16th Street, Mohammad Bin Zayed City Abu Dhabi, UAE",https://www.yello.ae/company/360960/digital-devices-group,https://www.yello.ae/category/computer-services/4
Green Edge Computers L.L.C,"Address: Al Zahra Techno Center - 606 Khalid Bin Walid Street - Bur Dubai , UAE",https://www.yello.ae/company/47325/green-edge-computers-llc,https://www.yello.ae/category/computer-services/4
Inteslar,"Address: Office # 13, Second Floor, Averex Business Center, Umm Hurrair Street, Oud Mehta, Dubai, UAE",https://www.yello.ae/company/356588/inteslar,https://www.yello.ae/category/computer-services/4
Laptop Rental Dubai-VRS TEchnologies LLC,"Address: Suk Al Kabir Building, Bur-Dubai, UAE",https://www.yello.ae/company/352752/annual-maintenance-contract-for-computer-support-services-dubai,https://www.yello.ae/category/computer-services/4
MAXTER TECHNOLOGY SOLUTION LLC,"Address: Office# 303 Saraya Avenue Bldg. Near GGICO Metro Station, Al Garhoud, Dubai U.A.E, UAE",https://www.yello.ae/company/345986/maxter-technology-solution-llc,https://www.yello.ae/category/computer-services/4
Resolution IT MEA DMCC,"Address: Office 1810, Tiffany Tower, JLT, Dubai, UAE",https://www.yello.ae/company/347738/resolution-it,https://www.yello.ae/category/computer-services/4
RNI International FZE,"Address: SAIF Zone, Sharjah, UAE",https://www.yello.ae/company/360104/rni-international-fze,https://www.yello.ae/category/computer-services/4
Specktron,"Address: JBC 5, Cluster W, Jumeirah Lake Towers, Dubai, UAE",https://www.yello.ae/company/350750/specktron,https://www.yello.ae/category/computer-services/4
SUMANTRA COMPUTER TRADING LLC,"Address: Office M-34, IT Center Building, P.O.Box: 43509, Bur Dubai, Dubai, UAE.",https://www.yello.ae/company/360130/sumantra-computer-trading-llc,https://www.yello.ae/category/computer-services/4
Tech-Distributor,"Address: Prism Tower, 28th Floor, Business Bay, Dubai, UAE",https://www.yello.ae/company/367510/tech-distributor,https://www.yello.ae/category/computer-services/4
Ascentrek Software House,"Address: 1416, Regal Towers, Business Bay, Dubai, UAE",https://www.yello.ae/company/361737/ascentrek-software-house,https://www.yello.ae/category/computer-services/4
Halliburton Worldwide Limited - Dubai,"Address: Sheikh Rashid Rd - Umm Hurair 2, Box No. 3111, Dubai, UAE",https://www.yello.ae/company/67873/halliburton-worldwide-limited-dubai-br,https://www.yello.ae/category/computer-services/4
Hi-Tech Computers,"Address: 1026 Zayed The First St - Zone 1, Abu Dhabi, UAE",https://www.yello.ae/company/189061/hi-tech-computers,https://www.yello.ae/category/computer-services/4
Houseoftours.com,"Address: Near Abuhail Metro Station Abuhail, Deira,Dubai. U.A.E, UAE",https://www.yello.ae/company/358788/houseoftours,https://www.yello.ae/category/computer-services/4
360 ITServe,"Address: Al Mankhool , Dubai, UAE",https://www.yello.ae/company/363910/360-itserve,https://www.yello.ae/category/computer-services/4
ltecher,"Address: 326 Damascus Street, Dubai, UAE",https://www.yello.ae/company/364928/ltecher,https://www.yello.ae/category/computer-services/4
Silver Ring Mobile Phones,"Address: Al Karama Near LuLu Supermarket In Dubai, UAE",https://www.yello.ae/company/344533/silver-ring-mobile-phone,https://www.yello.ae/category/computer-services/4
SPAN Trading LLC,"Address: Al Naboodah Complex, Show Room #4, Nad Al Hamar Road, Ramool D 62 - Nadd Al Hamar, Dubai, UAE",https://www.yello.ae/company/67776/span-trading-llc,https://www.yello.ae/category/computer-services/4
Staid Soft Technology Solutions,"Address: Al Falah Tower, 7th Floor, Office No 702-8, Muroor Road, Abu Dhabi, UAE",https://www.yello.ae/company/357981/staid-soft-technology-solutions,https://www.yello.ae/category/computer-services/4
TechVista Systems FZ-LLC,"Address: Office 105, Building 11, Dubai Internet City, PO Box 500497, UAE",https://www.yello.ae/company/348384/techvista-systems-fz-llc,https://www.yello.ae/category/computer-services/4
The Technology Expert Sahabuddin,"Address: AAG-12, Ground Floor, Shipra Krishna Azure Complex, Abu Dhabi, UAE",https://www.yello.ae/company/358765/the-technology-expert-sahabuddin,https://www.yello.ae/category/computer-services/4
Viewy Digital,"Address: Q1-06-068/C Saif Zone, Sharjah, UAE",https://www.yello.ae/company/366230/viewy-digital,https://www.yello.ae/category/computer-services/4
WellStar,"Address: Bur Dubai, UAE",https://www.yello.ae/company/347416/wellstar,https://www.yello.ae/category/computer-services/4
WHITE TIGER TRADING LLC,"Address: 776Q+2MJ - Al Fahid, Dubai, UAE",https://www.yello.ae/company/49759/white-tiger-trading-llc,https://www.yello.ae/category/computer-services/4
Xcltechnologies.com,"Address: dubai, UAE",https://www.yello.ae/company/346539/xcltechnologiescom,https://www.yello.ae/category/computer-services/5
Zone Web Technology | SEo services,"Address: international city, Dubai, UAE",https://www.yello.ae/company/360030/zone-web-technologyseo-services,https://www.yello.ae/category/computer-services/5
Alfa Lab,"Address: JLT, Cluster C, Fortune Tower, Office 1401, Dubai, UAE",https://www.yello.ae/company/359284/alfa-lab,https://www.yello.ae/category/computer-services/5
BDL Gulf Fzco,"Address: Box No. 126270, Jebel Ali Free Zone (JAFZ), UAE",https://www.yello.ae/company/67300/bdl-gulf-fzco,https://www.yello.ae/category/computer-services/5
Capytech,"Address: Iridium Building Um Suqeim Road, Dubai, UAE",https://www.yello.ae/company/351291/capytech,https://www.yello.ae/category/computer-services/5
Cherry Computer Trading Devices,"Address: National Paint, Sharjah, UAE",https://www.yello.ae/company/353989/cherry-computer-trading-devices,https://www.yello.ae/category/computer-services/5
Converge Technologies,"Address: Mussafah, Mohammed Bin Zayed City, Abu Dhabi, UAE",https://www.yello.ae/company/356363/converge-technologies,https://www.yello.ae/category/computer-services/5
Creative Vision Electronics LLC,"Address: N0.9, Bin Sabt Building, Burdubai., UAE",https://www.yello.ae/company/355188/creative-vision-electronics-llc,https://www.yello.ae/category/computer-services/5
Datazone Systems L.L.C,"Address: 703, Al Mezan, Al Qhusais, Dubai., UAE",https://www.yello.ae/company/346255/datazone-systems-llc,https://www.yello.ae/category/computer-services/5
Deal Distribution International FZE,"Address: Box No. 18601, Jebel Ali Free Zone (JAFZ), UAE",https://www.yello.ae/company/53043/deal-distribution-international-fze,https://www.yello.ae/category/computer-services/5
EMAC TURNKEY PROJECTS LLC,"Address: Box No. 123628, Dubai, UAE",https://www.yello.ae/company/107728/emac-turnkey-projects-llc,https://www.yello.ae/category/computer-services/5
Fire Bird Information Technology LLC,"Address: 51 Baniyas Rd - Deira - Al Rigga , Dubai, UAE",https://www.yello.ae/company/44822/fire-bird-information-technology-llc,https://www.yello.ae/category/computer-services/5
Iplaytechnology,"Address: al sbhka, Dubai, UAE",https://www.yello.ae/company/358302/iplaytechnology,https://www.yello.ae/category/computer-services/5
Rent a Laptop Computer,"Address: Office No 5, 3rd Floor Suk Al Kabir Building, Dubai, UAE",https://www.yello.ae/company/350156/best-it-support-services-in-dubai-vrs-technologies-llc,https://www.yello.ae/category/computer-services/5
Silver Lining IT Solutions LLC,"Address: The Iridium, Dubai, UAE",https://www.yello.ae/company/355148/silver-lining-it-solutions-llc,https://www.yello.ae/category/computer-services/5
SourceIT,"Address: Boulevard Plaza, Dubai, UAE",https://www.yello.ae/company/364906/sourceit,https://www.yello.ae/category/computer-services/5
Summit Technology Trading LLC,"Address: Box No. 112699, Dubai, UAE",https://www.yello.ae/company/47469/summit-technology-trading-l-l-c,https://www.yello.ae/category/computer-services/5
UAE Technician - Computer Data Recovery,"Address: Office M2, Mezzanine Floor, Al Fardan Building, Al Rafa Street, P.O.Box: 48714, Bur Dubai, UAE",https://www.yello.ae/company/354403/uae-technician-computer-data-recovery,https://www.yello.ae/category/computer-services/5
Unique Soft Network & IT Solutions,"Address: Building# C-118, Floor# 4, Street 5, Sector 14, Al Khalidiyah, Abu Dhabi, UAE",https://www.yello.ae/company/347824/unique-soft-networkit-solutions,https://www.yello.ae/category/computer-services/5
Virtual Integrated Technologies & Security,"Address: Musaffah 45, Office No. 95 Near China Mall, Alam Cash and Carry, P.O. Box 129732, Abu Dhabi - UAE",https://www.yello.ae/company/357664/virtual-integrated-technologiessecurity,https://www.yello.ae/category/computer-services/5
Worldstar Information Technology L.L.C,"Address: Office # M07, New Al Safia Building Opposit Abuhai Metro Station, Dubai, UAE",https://www.yello.ae/company/348094/worldstar-information-technology-llc,https://www.yello.ae/category/computer-services/5
Xpandretail powered by SÃ¡vant,"Address: 401, One By Omniyat Tower, Al Khaleej Al Tejari Street Business Bay, Dubai, UAE",https://www.yello.ae/company/362305/xpandretail-powered-by-svant,https://www.yello.ae/category/computer-services/5
Al Buhaira Computer Supplies L L C,"Address: Office 21, WinTech Building Musaffah, Abu Dhabi, UAE",https://www.yello.ae/company/197617/al-buhaira-computer-supplies-l-l-c,https://www.yello.ae/category/computer-services/5
AL BARSHA VISION ELECTRONICS,"Address: Box No. 47158, Dubai, UAE",https://www.yello.ae/company/44416/al-barsha-vision-electronics,https://www.yello.ae/category/computer-services/5
AL EMAD TECHNOLOGY& DEVELOPMENT,"Address: Box No. 25214, Dubai, UAE",https://www.yello.ae/company/60953/al-emad-technology-development,https://www.yello.ae/category/computer-services/5
Almoe Fz LLC,"Address: JBC-5, Office # 2801, Jumeirah Lake Towers P.O. Box 14730, Jebel Ali Free Zone (JAFZ), UAE",https://www.yello.ae/company/48440/almoe-fz-llc,https://www.yello.ae/category/computer-services/5
ALWAFAA GROUP,"Address: Box No. 65608, Dubai, UAE",https://www.yello.ae/company/48448/alwafaa-group,https://www.yello.ae/category/computer-services/5
apple macbook and ipad fix abu dhbai,"Address: abu dhbi mina road near abu dhabi mall, UAE",https://www.yello.ae/company/344109/apple-macbook-and-ipad-fix,https://www.yello.ae/category/computer-services/5
AQ SOLUTIONS - FZE,"Address: DTEC- Dubai Silicon Oasis, UAE",https://www.yello.ae/company/351960/aq-solutions-fze,https://www.yello.ae/category/computer-services/5
