Company_name,links
Guangzhou Computer Photocopier Printer Repair Duba,https://www.yello.ae/company/350673/guangzhou-computer-photocopier-printer-repair-duba
Shahriari Computer Trading Co LLC,https://www.yello.ae/company/67743/shahriari-computer-trading-co-llc
Al Tasami Computer & Elect Devices Maint,https://www.yello.ae/company/189065/al-tasami-computerelect-devices-maint
Alayoubi Technologies | Smart Home Automation,https://www.yello.ae/company/350543/alayoubi-technologies-llc
NIP Trading LLC,https://www.yello.ae/company/49242/n-i-p-trading-llc
Al-shakhsiah Computer Devices Tr.,https://www.yello.ae/company/346091/al-shakhsiah-computer-devices-tr
CCTV Cameras Installation,https://www.yello.ae/company/354599/al-saqer-warningcontrol-devices-tr-llc
Sunrise Computer & Network LLC ,https://www.yello.ae/company/348858/sunrise-computernetwork-llc
Best Net International Trading LLC,https://www.yello.ae/company/94639/best-net-international-trading-llc
Elecsys Integration LLC,https://www.yello.ae/company/300999/elecsys-integration-llc
Impulse Technologies LLC,https://www.yello.ae/company/355016/impulse-technologies-llc
Delicate Software Solutions,https://www.yello.ae/company/317492/delicate-software-solutions
GloTech System L.L.C,https://www.yello.ae/company/344830/glotech-system-llc
Logical Network Solutions,https://www.yello.ae/company/345135/logical-network-solutions
iPad Rental Dubai - Techno Edge Systems L.L.C,https://www.yello.ae/company/351647/ipad-rental-dubai-techno-edge-systems-llc
"Trionix - Development, Design, Digital Marketing",https://www.yello.ae/company/353925/trionix-development-design-digital-marketing
UAE Technician,https://www.yello.ae/company/352148/uae-technician
Interlink Technology LLC,https://www.yello.ae/company/347822/interlink-technology-llc
Shibaam Computers LLC,https://www.yello.ae/company/347399/shibaam-computers-llc
Appleforce,https://www.yello.ae/company/357906/appleforce
Mobisat IT Solution,https://www.yello.ae/company/344163/mobisat-it-solution
Emirates Portal IT solutions,https://www.yello.ae/company/347867/emirates-portal-it-solutions
LANDEX TECHNOLOGIES LLC,https://www.yello.ae/company/89840/landex-technologies-llc
SanPaul I.T I.S L L C,https://www.yello.ae/company/347184/sanpaul-it-is-l-l-c
Aladdin City Dubai,https://www.yello.ae/company/349607/aladdin-city-dubai
Al Furqan Computers,https://www.yello.ae/company/94502/al-furqan-computers
TouchActiv Glass Works LLC,https://www.yello.ae/company/349451/touchactiv-glass-works-llc
Future Art Broadcast Trading LLC,https://www.yello.ae/company/47315/future-art-broadcast-trading-llc
